zspec,ra,dec,arxiv,author,jname,rah,decd,zphot,mag,muv,zeazy,mu,beta,ezphot,emuv,ebeta,logm,Muv,mass,F150W,F200W,photz_2.5,photz_16,photz_84,photz_97.5,tform_16,tform_50,tform_84,stellar_mass_16,stellar_mass_50,stellar_mass_84,robust,zphot2,id,count,F444W
,3.479054,-30.31492,2207.09436,Marco Castellano,j001354.97m301853.73,,,9.12,26.98,-19.67,9.901,,,,,,,,,,"<img src=""http://grizli-cutout.herokuapp.com/thumb?ra=3.4790548&dec=-30.314924&filters=f200w-clear&size=1&scl=16&invert=True"" height=100px />",,,,,,,,,,,,,GHZ7,1,"<img src=""http://grizli-cutout.herokuapp.com/thumb?ra=3.4790548&dec=-30.314924&filters=f444w-clear&size=1&scl=24&invert=True"" height=100px />"
,3.490391,-30.32716,2207.09436,Marco Castellano,j001357.69m301937.77,,,9.10,28.14,-18.95,2.75,,,,,,,,,,"<img src=""http://grizli-cutout.herokuapp.com/thumb?ra=3.4903918&dec=-30.327159&filters=f200w-clear&size=1&scl=16&invert=True"" height=100px />",,,,,,,,,,,,,GHZ6,1,"<img src=""http://grizli-cutout.herokuapp.com/thumb?ra=3.4903918&dec=-30.327159&filters=f444w-clear&size=1&scl=24&invert=True"" height=100px />"
,3.494440,-30.30762,2207.09436,Marco Castellano,j001358.67m301827.44,,,9.20,26.99,-19.98,9.405,,,,,,,,,,"<img src=""http://grizli-cutout.herokuapp.com/thumb?ra=3.494448&dec=-30.307622&filters=f200w-clear&size=1&scl=16&invert=True"" height=100px />",,,,,,,,,,,,,GHZ5,1,"<img src=""http://grizli-cutout.herokuapp.com/thumb?ra=3.494448&dec=-30.307622&filters=f444w-clear&size=1&scl=24&invert=True"" height=100px />"
,3.498985,-30.32477,2207.09436,Marco Castellano,j001359.76m301929.10,,,12.35,25.88,-22.3,12.3,,,,,,,,,,"<img src=""http://grizli-cutout.herokuapp.com/thumb?ra=3.4989858&dec=-30.324767&filters=f200w-clear&size=1&scl=16&invert=True"" height=100px />",,,,,,,,,,,,,GHZ2,3,"<img src=""http://grizli-cutout.herokuapp.com/thumb?ra=3.4989858&dec=-30.324767&filters=f444w-clear&size=1&scl=24&invert=True"" height=100px />"
,3.499000,-30.32475,2207.09434,Rohan Naidu,j001359.76m301929.10,0:13:59.76,-30:19:29.1,12.40,,,,,,,,,,,,,"<img src=""http://grizli-cutout.herokuapp.com/thumb?ra=3.49899999999999978&dec=-30.324749999999998&filters=f200w-clear&size=1&scl=16&invert=True"" height=100px />",,,,,,,,,,,,,gl-z13,3,"<img src=""http://grizli-cutout.herokuapp.com/thumb?ra=3.49899999999999978&dec=-30.324749999999998&filters=f444w-clear&size=1&scl=24&invert=True"" height=100px />"
,3.498958,-30.32475,2207.12356,Callum Donnan,j001359.76m301929.10,00:13:59.75,-30:19:29.10,12.42,,,,,,,,,,-20.91,,,"<img src=""http://grizli-cutout.herokuapp.com/thumb?ra=3.4989583333333338&dec=-30.324749999999998&filters=f200w-clear&size=1&scl=16&invert=True"" height=100px />",,,,,,,,,,,,,17487,3,"<img src=""http://grizli-cutout.herokuapp.com/thumb?ra=3.4989583333333338&dec=-30.324749999999998&filters=f444w-clear&size=1&scl=24&invert=True"" height=100px />"
,3.511929,-30.37185,2207.09436,Marco Castellano,j001402.86m302218.70,,,10.60,26.19,-21.0,10.74,,,,,,,,,,"<img src=""http://grizli-cutout.herokuapp.com/thumb?ra=3.5119298&dec=-30.371848&filters=f200w-clear&size=1&scl=16&invert=True"" height=100px />",,,,,,,,,,,,,GHZ1,3,"<img src=""http://grizli-cutout.herokuapp.com/thumb?ra=3.5119298&dec=-30.371848&filters=f444w-clear&size=1&scl=24&invert=True"" height=100px />"
,3.511917,-30.37184,2207.12356,Callum Donnan,j001402.86m302218.70,00:14:02.86,-30:22:18.61,10.56,,,,,,,,,,-20.58,,,"<img src=""http://grizli-cutout.herokuapp.com/thumb?ra=3.5119166666666668&dec=-30.37183611111111&filters=f200w-clear&size=1&scl=16&invert=True"" height=100px />",,,,,,,,,,,,,1698,3,"<img src=""http://grizli-cutout.herokuapp.com/thumb?ra=3.5119166666666668&dec=-30.37183611111111&filters=f444w-clear&size=1&scl=24&invert=True"" height=100px />"
,3.511917,-30.37186,2207.09434,Rohan Naidu,j001402.86m302218.70,0:14:02.86,-30:22:18.7,10.60,,,,,,,,,,,,,"<img src=""http://grizli-cutout.herokuapp.com/thumb?ra=3.5119166666666668&dec=-30.371861111111112&filters=f200w-clear&size=1&scl=16&invert=True"" height=100px />",,,,,,,,,,,,,gl-z11,3,"<img src=""http://grizli-cutout.herokuapp.com/thumb?ra=3.5119166666666668&dec=-30.371861111111112&filters=f444w-clear&size=1&scl=24&invert=True"" height=100px />"
,3.513738,-30.35155,2207.09436,Marco Castellano,j001403.30m302105.59,,,9.88,27.85,-19.49,10.081,,,,,,,,,,"<img src=""http://grizli-cutout.herokuapp.com/thumb?ra=3.5137388&dec=-30.351552&filters=f200w-clear&size=1&scl=16&invert=True"" height=100px />",,,,,,,,,,,,,GHZ4,1,"<img src=""http://grizli-cutout.herokuapp.com/thumb?ra=3.5137388&dec=-30.351552&filters=f444w-clear&size=1&scl=24&invert=True"" height=100px />"
,3.528937,-30.36381,2207.09436,Marco Castellano,j001406.94m302149.72,,,2.60,26.58,-20.84,11.147,,,,,,,,,,"<img src=""http://grizli-cutout.herokuapp.com/thumb?ra=3.5289378&dec=-30.363811&filters=f200w-clear&size=1&scl=16&invert=True"" height=100px />",,,,,,,,,,,,,GHZ3,1,"<img src=""http://grizli-cutout.herokuapp.com/thumb?ra=3.5289378&dec=-30.363811&filters=f444w-clear&size=1&scl=24&invert=True"" height=100px />"
7.900,3.601350,-30.37921,2207.11387,Guido Roberts-Borsani,j001424.32m302245.16,,,7.55,24.79,-19.68,,2.1,-1.33,,,,,,,,"<img src=""http://grizli-cutout.herokuapp.com/thumb?ra=3.601358&dec=-30.37921&filters=f200w-clear&size=1&scl=16&invert=True"" height=100px />",,,,,,,,,,,,,GLASSz8-2,1,"<img src=""http://grizli-cutout.herokuapp.com/thumb?ra=3.601358&dec=-30.37921&filters=f444w-clear&size=1&scl=24&invert=True"" height=100px />"
2.433,3.601594,-30.39150,2207.13625,Danilo Marchesini,j001424.38m302329.40,,,2.46,23.7,,,,,,,,,,,,"<img src=""http://grizli-cutout.herokuapp.com/thumb?ra=3.6015948&dec=-30.3915&filters=f200w-clear&size=1&scl=16&invert=True"" height=100px />",,,,,,,,,,,,,5607,1,"<img src=""http://grizli-cutout.herokuapp.com/thumb?ra=3.6015948&dec=-30.3915&filters=f444w-clear&size=1&scl=24&invert=True"" height=100px />"
8.040,3.604520,-30.38047,2207.11387,Guido Roberts-Borsani,j001425.08m302249.69,,,7.90,25.56,-20.37,,2.0,-1.69,,,,,,,,"<img src=""http://grizli-cutout.herokuapp.com/thumb?ra=3.604528&dec=-30.38047&filters=f200w-clear&size=1&scl=16&invert=True"" height=100px />",,,,,,,,,,,,,GLASSz8-1,1,"<img src=""http://grizli-cutout.herokuapp.com/thumb?ra=3.604528&dec=-30.38047&filters=f444w-clear&size=1&scl=24&invert=True"" height=100px />"
2.650,3.605219,-30.39540,2207.13625,Danilo Marchesini,j001425.25m302343.44,,,2.54,23.15,,,,,,,,,,,,"<img src=""http://grizli-cutout.herokuapp.com/thumb?ra=3.6052198&dec=-30.3954&filters=f200w-clear&size=1&scl=16&invert=True"" height=100px />",,,,,,,,,,,,,4877,1,"<img src=""http://grizli-cutout.herokuapp.com/thumb?ra=3.6052198&dec=-30.3954&filters=f444w-clear&size=1&scl=24&invert=True"" height=100px />"
,110.646083,-73.47583,2207.12356,Callum Donnan,j072235.06m732832.97,07:22:35.06,-73:28:32.97,9.68,,,,,,,,,,-19.49,,,"<img src=""http://grizli-cutout.herokuapp.com/thumb?ra=110.646083333333328&dec=-73.475825&filters=f200w-clear&size=1&scl=16&invert=True"" height=100px />",,,,,,,,,,,,,12218,1,"<img src=""http://grizli-cutout.herokuapp.com/thumb?ra=110.646083333333328&dec=-73.475825&filters=f444w-clear&size=1&scl=24&invert=True"" height=100px />"
,110.653137,-73.46922,2207.12338,Hakim Atek,j072236.75m732809.20,7:22:36.753,-73:28:09.203,11.28,,-21.79,,,-1.87,3.89,0.41,0.01,9.02,,,,"<img src=""http://grizli-cutout.herokuapp.com/thumb?ra=110.653137499999998&dec=-73.46922305555556&filters=f200w-clear&size=1&scl=16&invert=True"" height=100px />",,,,,,,,,,,,,SMACS_z11d,1,"<img src=""http://grizli-cutout.herokuapp.com/thumb?ra=110.653137499999998&dec=-73.46922305555556&filters=f444w-clear&size=1&scl=24&invert=True"" height=100px />"
,110.660958,-73.47960,2207.12356,Callum Donnan,j072238.63m732846.56,07:22:38.63,-73:28:46.56,9.06,,,,,,,,,,-18.99,,,"<img src=""http://grizli-cutout.herokuapp.com/thumb?ra=110.660958333333338&dec=-73.4796&filters=f200w-clear&size=1&scl=16&invert=True"" height=100px />",,,,,,,,,,,,,9544,1,"<img src=""http://grizli-cutout.herokuapp.com/thumb?ra=110.660958333333338&dec=-73.4796&filters=f444w-clear&size=1&scl=24&invert=True"" height=100px />"
,110.662292,-73.47511,2207.12356,Callum Donnan,j072238.95m732830.38,07:22:38.95,-73:28:30.38,9.47,,,,,,,,,,-18.99,,,"<img src=""http://grizli-cutout.herokuapp.com/thumb?ra=110.662291666666658&dec=-73.47510555555556&filters=f200w-clear&size=1&scl=16&invert=True"" height=100px />",,,,,,,,,,,,,12682,1,"<img src=""http://grizli-cutout.herokuapp.com/thumb?ra=110.662291666666658&dec=-73.47510555555556&filters=f444w-clear&size=1&scl=24&invert=True"" height=100px />"
,110.664329,-73.50227,2207.12338,Hakim Atek,j072239.44m733008.19,7:22:39.439,-73:30:08.185,15.70,,-21.75,,,-2.09,0.7,0.39,0.55,8.78,,,,"<img src=""http://grizli-cutout.herokuapp.com/thumb?ra=110.664329166666658&dec=-73.50227361111111&filters=f200w-clear&size=1&scl=16&invert=True"" height=100px />",,,,,,,,,,,,,SMACS_z16b,1,"<img src=""http://grizli-cutout.herokuapp.com/thumb?ra=110.664329166666658&dec=-73.50227361111111&filters=f444w-clear&size=1&scl=24&invert=True"" height=100px />"
,110.664604,-73.49451,2207.12338,Hakim Atek,j072239.51m732940.22,7:22:39.505,-73:29:40.224,10.75,,-19.09,,,-1.98,0.28,0.3,0.37,8.7,,,,"<img src=""http://grizli-cutout.herokuapp.com/thumb?ra=110.664604166666658&dec=-73.49450666666667&filters=f200w-clear&size=1&scl=16&invert=True"" height=100px />",,,,,,,,,,,,,SMACS_z11a,1,"<img src=""http://grizli-cutout.herokuapp.com/thumb?ra=110.664604166666658&dec=-73.49450666666667&filters=f444w-clear&size=1&scl=24&invert=True"" height=100px />"
,110.672958,-73.48629,2207.12356,Callum Donnan,j072241.51m732910.63,07:22:41.51,-73:29:10.63,9.78,,,,,,,,,,-18.68,,,"<img src=""http://grizli-cutout.herokuapp.com/thumb?ra=110.672958333333318&dec=-73.48628611111111&filters=f200w-clear&size=1&scl=16&invert=True"" height=100px />",,,,,,,,,,,,,6200,1,"<img src=""http://grizli-cutout.herokuapp.com/thumb?ra=110.672958333333318&dec=-73.48628611111111&filters=f444w-clear&size=1&scl=24&invert=True"" height=100px />"
,110.688767,-73.49182,2207.12338,Hakim Atek,j072245.30m732930.56,7:22:45.304,-73:29:30.557,10.44,,-18.62,,,-1.84,8.34,0.33,0.15,7.23,,,,"<img src=""http://grizli-cutout.herokuapp.com/thumb?ra=110.688766666666658&dec=-73.4918213888889&filters=f200w-clear&size=1&scl=16&invert=True"" height=100px />",,,,,,,,,,,,,SMACS_z10e,1,"<img src=""http://grizli-cutout.herokuapp.com/thumb?ra=110.688766666666658&dec=-73.4918213888889&filters=f444w-clear&size=1&scl=24&invert=True"" height=100px />"
,110.690875,-73.46295,2207.12356,Callum Donnan,j072245.81m732746.61,07:22:45.81,-73:27:46.61,9.47,,,,,,,,,,-18.58,,,"<img src=""http://grizli-cutout.herokuapp.com/thumb?ra=110.690874999999988&dec=-73.46294722222223&filters=f200w-clear&size=1&scl=16&invert=True"" height=100px />",,,,,,,,,,,,,22480,1,"<img src=""http://grizli-cutout.herokuapp.com/thumb?ra=110.690874999999988&dec=-73.46294722222223&filters=f444w-clear&size=1&scl=24&invert=True"" height=100px />"
,110.694567,-73.47803,2207.12338,Hakim Atek,j072246.70m732840.90,7:22:46.696,-73:28:40.898,9.98,,-19.44,,,-2.1,7.97,0.3,0.12,7.85,,,,"<img src=""http://grizli-cutout.herokuapp.com/thumb?ra=110.694566666666658&dec=-73.47802722222222&filters=f200w-clear&size=1&scl=16&invert=True"" height=100px />",,,,,,,,,,,,,SMACS_z10d,1,"<img src=""http://grizli-cutout.herokuapp.com/thumb?ra=110.694566666666658&dec=-73.47802722222222&filters=f444w-clear&size=1&scl=24&invert=True"" height=100px />"
,110.694833,-73.46373,2207.12356,Callum Donnan,j072246.76m732749.44,07:22:46.76,-73:27:49.44,12.16,,,,,,,,,,-19.01,,,"<img src=""http://grizli-cutout.herokuapp.com/thumb?ra=110.69483333333338&dec=-73.46373333333334&filters=f200w-clear&size=1&scl=16&invert=True"" height=100px />",,,,,,,,,,,,,21901,1,"<img src=""http://grizli-cutout.herokuapp.com/thumb?ra=110.69483333333338&dec=-73.46373333333334&filters=f444w-clear&size=1&scl=24&invert=True"" height=100px />"
,110.697417,-73.50050,2207.12338,Hakim Atek,j072247.38m733001.78,7:22:47.380,-73:30:01.785,12.03,,-20.07,,,-2.6,0.28,0.28,0.32,8.18,,,,"<img src=""http://grizli-cutout.herokuapp.com/thumb?ra=110.697416666666648&dec=-73.50049583333333&filters=f200w-clear&size=1&scl=16&invert=True"" height=100px />",,,,,,,,,,,,,SMACS_z12a,1,"<img src=""http://grizli-cutout.herokuapp.com/thumb?ra=110.697416666666648&dec=-73.50049583333333&filters=f444w-clear&size=1&scl=24&invert=True"" height=100px />"
,110.704750,-73.49199,2207.12356,Callum Donnan,j072249.14m732931.18,07:22:49.14,-73:29:31.18,9.78,,,,,,,,,,-19.15,,,"<img src=""http://grizli-cutout.herokuapp.com/thumb?ra=110.704749999999998&dec=-73.49199444444444&filters=f200w-clear&size=1&scl=16&invert=True"" height=100px />",,,,,,,,,,,,,3763,1,"<img src=""http://grizli-cutout.herokuapp.com/thumb?ra=110.704749999999998&dec=-73.49199444444444&filters=f444w-clear&size=1&scl=24&invert=True"" height=100px />"
,110.705329,-73.46239,2207.12338,Hakim Atek,j072249.28m732744.62,7:22:49.279,-73:27:44.621,11.52,,-19.23,,,-1.9,9.76,0.33,0.32,7.87,,,,"<img src=""http://grizli-cutout.herokuapp.com/thumb?ra=110.705329166666648&dec=-73.46239472222223&filters=f200w-clear&size=1&scl=16&invert=True"" height=100px />",,,,,,,,,,,,,SMACS_z11e,1,"<img src=""http://grizli-cutout.herokuapp.com/thumb?ra=110.705329166666648&dec=-73.46239472222223&filters=f444w-clear&size=1&scl=24&invert=True"" height=100px />"
,110.717754,-73.46542,2207.12338,Hakim Atek,j072252.26m732755.50,7:22:52.261,-73:27:55.497,12.35,,-21.1,,,-2.71,0.68,0.4,0.58,9.37,,,,"<img src=""http://grizli-cutout.herokuapp.com/thumb?ra=110.717754166666658&dec=-73.46541583333334&filters=f200w-clear&size=1&scl=16&invert=True"" height=100px />",,,,,,,,,,,,,SMACS_z12b,1,"<img src=""http://grizli-cutout.herokuapp.com/thumb?ra=110.717754166666658&dec=-73.46541583333334&filters=f444w-clear&size=1&scl=24&invert=True"" height=100px />"
,110.721875,-73.48578,2207.12356,Callum Donnan,j072253.25m732908.80,07:22:53.25,-73:29:08.80,12.56,,,,,,,,,,-18.61,,,"<img src=""http://grizli-cutout.herokuapp.com/thumb?ra=110.721874999999988&dec=-73.48577777777778&filters=f200w-clear&size=1&scl=16&invert=True"" height=100px />",,,,,,,,,,,,,6486,1,"<img src=""http://grizli-cutout.herokuapp.com/thumb?ra=110.721874999999988&dec=-73.48577777777778&filters=f444w-clear&size=1&scl=24&invert=True"" height=100px />"
,110.724367,-73.47315,2207.12338,Hakim Atek,j072253.85m732823.35,7:22:53.848,-73:28:23.348,11.22,,-22.4,,,-1.88,0.56,0.33,0.22,9.2,,,,"<img src=""http://grizli-cutout.herokuapp.com/thumb?ra=110.724366666666658&dec=-73.47315222222223&filters=f200w-clear&size=1&scl=16&invert=True"" height=100px />",,,,,,,,,,,,,SMACS_z11b,1,"<img src=""http://grizli-cutout.herokuapp.com/thumb?ra=110.724366666666658&dec=-73.47315222222223&filters=f444w-clear&size=1&scl=24&invert=True"" height=100px />"
,110.738762,-73.48792,2207.12338,Hakim Atek,j072257.30m732916.52,7:22:57.303,-73:29:16.522,10.47,,-19.17,,,-2.21,0.47,0.33,0.37,7.86,,,,"<img src=""http://grizli-cutout.herokuapp.com/thumb?ra=110.738762499999988&dec=-73.48792277777778&filters=f200w-clear&size=1&scl=16&invert=True"" height=100px />",,,,,,,,,,,,,SMACS_z10f,1,"<img src=""http://grizli-cutout.herokuapp.com/thumb?ra=110.738762499999988&dec=-73.48792277777778&filters=f444w-clear&size=1&scl=24&invert=True"" height=100px />"
,110.742792,-73.47210,2207.12356,Callum Donnan,j072258.27m732819.55,07:22:58.27,-73:28:19.55,9.68,,,,,,,,,,-19.31,,,"<img src=""http://grizli-cutout.herokuapp.com/thumb?ra=110.742791666666658&dec=-73.47209722222222&filters=f200w-clear&size=1&scl=16&invert=True"" height=100px />",,,,,,,,,,,,,15019,1,"<img src=""http://grizli-cutout.herokuapp.com/thumb?ra=110.742791666666658&dec=-73.47209722222222&filters=f444w-clear&size=1&scl=24&invert=True"" height=100px />"
,110.756683,-73.44859,2207.12338,Hakim Atek,j072301.60m732654.91,7:23:01.604,-73:26:54.908,11.22,,-19.56,,,-2.13,0.32,0.28,0.16,7.76,,,,"<img src=""http://grizli-cutout.herokuapp.com/thumb?ra=110.756683333333338&dec=-73.44858555555555&filters=f200w-clear&size=1&scl=16&invert=True"" height=100px />",,,,,,,,,,,,,SMACS_z11c,1,"<img src=""http://grizli-cutout.herokuapp.com/thumb?ra=110.756683333333338&dec=-73.44858555555555&filters=f444w-clear&size=1&scl=24&invert=True"" height=100px />"
,110.762375,-73.44654,2207.12356,Callum Donnan,j072302.97m732647.53,07:23:02.97,-73:26:47.53,12.03,,,,,,,,,,-19.18,,,"<img src=""http://grizli-cutout.herokuapp.com/thumb?ra=110.762374999999998&dec=-73.44653611111112&filters=f200w-clear&size=1&scl=16&invert=True"" height=100px />",,,,,,,,,,,,,35470,1,"<img src=""http://grizli-cutout.herokuapp.com/thumb?ra=110.762374999999998&dec=-73.44653611111112&filters=f444w-clear&size=1&scl=24&invert=True"" height=100px />"
2.463,110.765780,-73.45161,2207.08778,Adam Carnall,j072303.79m732705.80,,,,,,,,,,,,,,,,"<img src=""http://grizli-cutout.herokuapp.com/thumb?ra=110.765788&dec=-73.45161&filters=f200w-clear&size=1&scl=16&invert=True"" height=100px />",,,,,,,,,,,,,9239,1,"<img src=""http://grizli-cutout.herokuapp.com/thumb?ra=110.765788&dec=-73.45161&filters=f444w-clear&size=1&scl=24&invert=True"" height=100px />"
5.275,110.788040,-73.46179,2207.08778,Adam Carnall,j072309.13m732742.44,,,,,,,,,,,,,,,,"<img src=""http://grizli-cutout.herokuapp.com/thumb?ra=110.788048&dec=-73.46179&filters=f200w-clear&size=1&scl=16&invert=True"" height=100px />",,,,,,,,,,,,,8140,1,"<img src=""http://grizli-cutout.herokuapp.com/thumb?ra=110.788048&dec=-73.46179&filters=f444w-clear&size=1&scl=24&invert=True"" height=100px />"
1.163,110.797350,-73.44899,2207.08778,Adam Carnall,j072311.36m732656.36,,,,,,,,,,,,,,,,"<img src=""http://grizli-cutout.herokuapp.com/thumb?ra=110.797358&dec=-73.44899&filters=f200w-clear&size=1&scl=16&invert=True"" height=100px />",,,,,,,,,,,,,9483,1,"<img src=""http://grizli-cutout.herokuapp.com/thumb?ra=110.797358&dec=-73.44899&filters=f444w-clear&size=1&scl=24&invert=True"" height=100px />"
,110.807917,-73.43474,2207.12356,Callum Donnan,j072313.90m732605.08,07:23:13.90,-73:26:05.08,14.28,,,,,,,,,,-19.62,,,"<img src=""http://grizli-cutout.herokuapp.com/thumb?ra=110.807916666666668&dec=-73.43474444444445&filters=f200w-clear&size=1&scl=16&invert=True"" height=100px />",,,,,,,,,,,,,40079,1,"<img src=""http://grizli-cutout.herokuapp.com/thumb?ra=110.807916666666668&dec=-73.43474444444445&filters=f444w-clear&size=1&scl=24&invert=True"" height=100px />"
,110.834037,-73.43451,2207.12338,Hakim Atek,j072320.15m732604.34,7:23:20.169,-73:26:04.233,9.94,,-20.55,,,-1.99,0.1,0.23,0.04,9.58,,,,"<img src=""http://grizli-cutout.herokuapp.com/thumb?ra=110.83403758&dec=-73.43450916666667&filters=f200w-clear&size=1&scl=16&invert=True"" height=100px />",,,,,,,,,,,,,SMACS_z10c,2,"<img src=""http://grizli-cutout.herokuapp.com/thumb?ra=110.83403758&dec=-73.43450916666667&filters=f444w-clear&size=1&scl=24&invert=True"" height=100px />"
7.663,110.833950,-73.43454,2207.08778,Adam Carnall,j072320.15m732604.34,,,,,,,,,,,,,,,,"<img src=""http://grizli-cutout.herokuapp.com/thumb?ra=110.833958&dec=-73.43454&filters=f200w-clear&size=1&scl=16&invert=True"" height=100px />",,,,,,,,,,,,,10612,2,"<img src=""http://grizli-cutout.herokuapp.com/thumb?ra=110.833958&dec=-73.43454&filters=f444w-clear&size=1&scl=24&invert=True"" height=100px />"
6.383,110.839720,-73.44536,2207.08778,Adam Carnall,j072321.53m732643.30,,,,,,,,,,,,,,,,"<img src=""http://grizli-cutout.herokuapp.com/thumb?ra=110.839728&dec=-73.44536&filters=f200w-clear&size=1&scl=16&invert=True"" height=100px />",,,,,,,,,,,,,5144,1,"<img src=""http://grizli-cutout.herokuapp.com/thumb?ra=110.839728&dec=-73.44536&filters=f444w-clear&size=1&scl=24&invert=True"" height=100px />"
,110.844621,-73.43505,2207.12338,Hakim Atek,j072322.68m732606.29,7:23:22.709,-73:26:06.183,9.79,,-21.19,,,-1.21,0.2,0.22,0.07,9.9,,,,"<img src=""http://grizli-cutout.herokuapp.com/thumb?ra=110.844620833333328&dec=-73.43505083333334&filters=f200w-clear&size=1&scl=16&invert=True"" height=100px />",,,,,,,,,,,,,SMACS_z10b,2,"<img src=""http://grizli-cutout.herokuapp.com/thumb?ra=110.844620833333328&dec=-73.43505083333334&filters=f444w-clear&size=1&scl=24&invert=True"" height=100px />"
7.665,110.844520,-73.43508,2207.08778,Adam Carnall,j072322.68m732606.29,,,,,,,,,,,,,,,,"<img src=""http://grizli-cutout.herokuapp.com/thumb?ra=110.844528&dec=-73.43508&filters=f200w-clear&size=1&scl=16&invert=True"" height=100px />",,,,,,,,,,,,,6355,2,"<img src=""http://grizli-cutout.herokuapp.com/thumb?ra=110.844528&dec=-73.43508&filters=f444w-clear&size=1&scl=24&invert=True"" height=100px />"
,110.859383,-73.44915,2207.12338,Hakim Atek,j072326.24m732656.98,7:23:26.252,-73:26:56.940,9.92,,-20.11,,,-2.07,0.09,0.24,0.05,8.94,,,,"<img src=""http://grizli-cutout.herokuapp.com/thumb?ra=110.859383333333338&dec=-73.44915&filters=f200w-clear&size=1&scl=16&invert=True"" height=100px />",,,,,,,,,,,,,SMACS_z10a,3,"<img src=""http://grizli-cutout.herokuapp.com/thumb?ra=110.859383333333338&dec=-73.44915&filters=f444w-clear&size=1&scl=24&invert=True"" height=100px />"
8.498,110.859330,-73.44916,2207.08778,Adam Carnall,j072326.24m732656.98,,,,,,,,,,,,,,,,"<img src=""http://grizli-cutout.herokuapp.com/thumb?ra=110.859338&dec=-73.44916&filters=f200w-clear&size=1&scl=16&invert=True"" height=100px />",,,,,,,,,,,,,4590,3,"<img src=""http://grizli-cutout.herokuapp.com/thumb?ra=110.859338&dec=-73.44916&filters=f444w-clear&size=1&scl=24&invert=True"" height=100px />"
,110.859333,-73.44917,2207.12356,Callum Donnan,j072326.24m732656.98,07:23:26.24,-73:26:57.00,9.36,,,,,,,,,,-20.38,,,"<img src=""http://grizli-cutout.herokuapp.com/thumb?ra=110.859333333333328&dec=-73.44916666666667&filters=f200w-clear&size=1&scl=16&invert=True"" height=100px />",,,,,,,,,,,,,34086,3,"<img src=""http://grizli-cutout.herokuapp.com/thumb?ra=110.859333333333328&dec=-73.44916666666667&filters=f444w-clear&size=1&scl=24&invert=True"" height=100px />"
2.743,110.859470,-73.44409,2207.08778,Adam Carnall,j072326.27m732638.72,,,,,,,,,,,,,,,,"<img src=""http://grizli-cutout.herokuapp.com/thumb?ra=110.859478&dec=-73.44409&filters=f200w-clear&size=1&scl=16&invert=True"" height=100px />",,,,,,,,,,,,,9922,1,"<img src=""http://grizli-cutout.herokuapp.com/thumb?ra=110.859478&dec=-73.44409&filters=f444w-clear&size=1&scl=24&invert=True"" height=100px />"
,110.859971,-73.46793,2207.12338,Hakim Atek,j072326.39m732804.56,7:23:26.393,-73:28:04.561,15.97,,-21.23,,,-3.01,0.37,0.27,0.17,8.36,,,,"<img src=""http://grizli-cutout.herokuapp.com/thumb?ra=110.859970833333328&dec=-73.4679336111111&filters=f200w-clear&size=1&scl=16&invert=True"" height=100px />",,,,,,,,,,,,,SMACS_z16a,1,"<img src=""http://grizli-cutout.herokuapp.com/thumb?ra=110.859970833333328&dec=-73.4679336111111&filters=f444w-clear&size=1&scl=24&invert=True"" height=100px />"
,110.861292,-73.43628,2207.12356,Callum Donnan,j072326.71m732610.60,07:23:26.71,-73:26:10.60,8.86,,,,,,,,,,-19.23,,,"<img src=""http://grizli-cutout.herokuapp.com/thumb?ra=110.861291666666668&dec=-73.43627777777778&filters=f200w-clear&size=1&scl=16&invert=True"" height=100px />",,,,,,,,,,,,,39556,1,"<img src=""http://grizli-cutout.herokuapp.com/thumb?ra=110.861291666666668&dec=-73.43627777777778&filters=f444w-clear&size=1&scl=24&invert=True"" height=100px />"
,110.866000,-73.43886,2207.12356,Callum Donnan,j072327.84m732619.89,07:23:27.84,-73:26:19.89,9.36,,,,,,,,,,-19.55,,,"<img src=""http://grizli-cutout.herokuapp.com/thumb?ra=110.8668&dec=-73.43885833333334&filters=f200w-clear&size=1&scl=16&invert=True"" height=100px />",,,,,,,,,,,,,38697,1,"<img src=""http://grizli-cutout.herokuapp.com/thumb?ra=110.8668&dec=-73.43885833333334&filters=f444w-clear&size=1&scl=24&invert=True"" height=100px />"
,110.867083,-73.43893,2207.12356,Callum Donnan,j072328.10m732620.14,07:23:28.10,-73:26:20.14,8.57,,,,,,,,,,-19.42,,,"<img src=""http://grizli-cutout.herokuapp.com/thumb?ra=110.867083333333338&dec=-73.43892777777778&filters=f200w-clear&size=1&scl=16&invert=True"" height=100px />",,,,,,,,,,,,,38681,1,"<img src=""http://grizli-cutout.herokuapp.com/thumb?ra=110.867083333333338&dec=-73.43892777777778&filters=f444w-clear&size=1&scl=24&invert=True"" height=100px />"
1.244,110.871050,-73.46559,2207.08778,Adam Carnall,j072329.05m732756.12,,,,,,,,,,,,,,,,"<img src=""http://grizli-cutout.herokuapp.com/thumb?ra=110.871058&dec=-73.46559&filters=f200w-clear&size=1&scl=16&invert=True"" height=100px />",,,,,,,,,,,,,1917,1,"<img src=""http://grizli-cutout.herokuapp.com/thumb?ra=110.871058&dec=-73.46559&filters=f444w-clear&size=1&scl=24&invert=True"" height=100px />"
,110.907875,-73.45609,2207.12356,Callum Donnan,j072337.89m732721.91,07:23:37.89,-73:27:21.91,9.16,,,,,,,,,,-18.88,,,"<img src=""http://grizli-cutout.herokuapp.com/thumb?ra=110.9078758&dec=-73.45608611111112&filters=f200w-clear&size=1&scl=16&invert=True"" height=100px />",,,,,,,,,,,,,28093,1,"<img src=""http://grizli-cutout.herokuapp.com/thumb?ra=110.9078758&dec=-73.45608611111112&filters=f444w-clear&size=1&scl=24&invert=True"" height=100px />"
2.213,110.916400,-73.45864,2207.08778,Adam Carnall,j072339.94m732731.10,,,,,,,,,,,,,,,,"<img src=""http://grizli-cutout.herokuapp.com/thumb?ra=110.91648&dec=-73.45864&filters=f200w-clear&size=1&scl=16&invert=True"" height=100px />",,,,,,,,,,,,,8506,1,"<img src=""http://grizli-cutout.herokuapp.com/thumb?ra=110.91648&dec=-73.45864&filters=f444w-clear&size=1&scl=24&invert=True"" height=100px />"
,214.749667,52.83233,2207.12356,Callum Donnan,j141859.92p524956.38,14:18:59.92,52:49:56.38,10.80,,,,,,,,,,-19.28,,,"<img src=""http://grizli-cutout.herokuapp.com/thumb?ra=214.749666666666668&dec=52.83232777777778&filters=f200w-clear&size=1&scl=16&invert=True"" height=100px />",,,,,,,,,,,,,20311,1,"<img src=""http://grizli-cutout.herokuapp.com/thumb?ra=214.749666666666668&dec=52.83232777777778&filters=f444w-clear&size=1&scl=24&invert=True"" height=100px />"
,214.760652,52.84533,2208.00986,Adam Carnall,j141902.56p525043.18,,,3.22,,,,,,,,,,,,23.35,"<img src=""http://grizli-cutout.herokuapp.com/thumb?ra=214.7606528&dec=52.845329&filters=f200w-clear&size=1&scl=16&invert=True"" height=100px />",3.09,3.15,3.31,3.42,0.99,1.29,1.5,11.13,11.17,11.2,true,,29497,1,"<img src=""http://grizli-cutout.herokuapp.com/thumb?ra=214.7606528&dec=52.845329&filters=f444w-clear&size=1&scl=24&invert=True"" height=100px />"
,214.795958,52.83956,2207.12356,Callum Donnan,j141911.03p525022.43,14:19:11.03,52:50:22.43,9.16,,,,,,,,,,-18.71,,,"<img src=""http://grizli-cutout.herokuapp.com/thumb?ra=214.79595833333338&dec=52.83956388888889&filters=f200w-clear&size=1&scl=16&invert=True"" height=100px />",,,,,,,,,,,,,26225,1,"<img src=""http://grizli-cutout.herokuapp.com/thumb?ra=214.79595833333338&dec=52.83956388888889&filters=f444w-clear&size=1&scl=24&invert=True"" height=100px />"
,214.808167,52.83219,2208.00986,Adam Carnall,j141913.96p524955.87,,,4.51,,,,,,,,,,,,27.12,"<img src=""http://grizli-cutout.herokuapp.com/thumb?ra=214.8081678&dec=52.832185&filters=f200w-clear&size=1&scl=16&invert=True"" height=100px />",4.31,4.42,4.6,4.72,0.59,0.77,1.0,10.11,10.16,10.21,false,,17318,1,"<img src=""http://grizli-cutout.herokuapp.com/thumb?ra=214.8081678&dec=52.832185&filters=f444w-clear&size=1&scl=24&invert=True"" height=100px />"
5.624,214.809142,52.86848,2302.00012,Dale Kocevski,j141914.19p525206.53,,,,26.9,,,,,,,,,,,,"<img src=""http://grizli-cutout.herokuapp.com/thumb?ra=214.8091428&dec=52.868484&filters=f200w-clear&size=1&scl=16&invert=True"" height=100px />",,,,,,,,,,,,,CEERS-3210,2,"<img src=""http://grizli-cutout.herokuapp.com/thumb?ra=214.8091428&dec=52.868484&filters=f444w-clear&size=1&scl=24&invert=True"" height=100px />"
,214.809145,52.86848,2207.12446,Ivo Labbe,j141914.19p525206.53,,,8.49,,,,,,,,,,,10.18,,"<img src=""http://grizli-cutout.herokuapp.com/thumb?ra=214.80914558&dec=52.86848&filters=f200w-clear&size=1&scl=16&invert=True"" height=100px />",,,,,,,,,,,,,13050,2,"<img src=""http://grizli-cutout.herokuapp.com/thumb?ra=214.80914558&dec=52.86848&filters=f444w-clear&size=1&scl=24&invert=True"" height=100px />"
,214.811083,52.81382,2207.12356,Callum Donnan,j141914.66p524849.74,14:19:14.66,52:48:49.74,10.22,,,,,,,,,,-18.87,,,"<img src=""http://grizli-cutout.herokuapp.com/thumb?ra=214.81108333333338&dec=52.81381666666666&filters=f200w-clear&size=1&scl=16&invert=True"" height=100px />",,,,,,,,,,,,,6647,1,"<img src=""http://grizli-cutout.herokuapp.com/thumb?ra=214.81108333333338&dec=52.81381666666666&filters=f444w-clear&size=1&scl=24&invert=True"" height=100px />"
5.242,214.823453,52.83028,2302.00012,Dale Kocevski,j141917.63p524949.01,,,,25.8,,,,,,,,,,,,"<img src=""http://grizli-cutout.herokuapp.com/thumb?ra=214.8234538&dec=52.830281&filters=f200w-clear&size=1&scl=16&invert=True"" height=100px />",,,,,,,,,,,,,CEERS-1670,1,"<img src=""http://grizli-cutout.herokuapp.com/thumb?ra=214.8234538&dec=52.830281&filters=f444w-clear&size=1&scl=24&invert=True"" height=100px />"
,214.830660,52.88778,2207.12446,Ivo Labbe,j141919.36p525316.00,,,9.35,,,,,,,,,,,10.41,,"<img src=""http://grizli-cutout.herokuapp.com/thumb?ra=214.83066018&dec=52.8877768&filters=f200w-clear&size=1&scl=16&invert=True"" height=100px />",,,,,,,,,,,,,35300,1,"<img src=""http://grizli-cutout.herokuapp.com/thumb?ra=214.83066018&dec=52.8877768&filters=f444w-clear&size=1&scl=24&invert=True"" height=100px />"
,214.836901,52.87343,2208.00986,Adam Carnall,j141920.86p525224.34,,,3.44,,,,,,,,,,,,24.62,"<img src=""http://grizli-cutout.herokuapp.com/thumb?ra=214.8369018&dec=52.873427&filters=f200w-clear&size=1&scl=16&invert=True"" height=100px />",3.19,3.28,3.64,3.79,0.74,0.92,1.13,10.54,10.57,10.61,false,,46629,1,"<img src=""http://grizli-cutout.herokuapp.com/thumb?ra=214.8369018&dec=52.873427&filters=f444w-clear&size=1&scl=24&invert=True"" height=100px />"
,214.839833,52.80578,2207.12356,Callum Donnan,j141921.56p524820.80,14:19:21.56,52:48:20.80,8.96,,,,,,,,,,-18.84,,,"<img src=""http://grizli-cutout.herokuapp.com/thumb?ra=214.83983333333338&dec=52.80577777777778&filters=f200w-clear&size=1&scl=16&invert=True"" height=100px />",,,,,,,,,,,,,2873,1,"<img src=""http://grizli-cutout.herokuapp.com/thumb?ra=214.83983333333338&dec=52.80577777777778&filters=f444w-clear&size=1&scl=24&invert=True"" height=100px />"
,214.840550,52.81794,2207.12446,Ivo Labbe,j141921.73p524904.58,,,8.91,,,,,,,,,,,10.83,,"<img src=""http://grizli-cutout.herokuapp.com/thumb?ra=214.84055038&dec=52.8179376&filters=f200w-clear&size=1&scl=16&invert=True"" height=100px />",,,,,,,,,,,,,2859,1,"<img src=""http://grizli-cutout.herokuapp.com/thumb?ra=214.84055038&dec=52.8179376&filters=f444w-clear&size=1&scl=24&invert=True"" height=100px />"
,214.844770,52.89211,2207.12446,Ivo Labbe,j141922.74p525331.58,,,9.97,,,,,,,,,,,10.76,,"<img src=""http://grizli-cutout.herokuapp.com/thumb?ra=214.84476978&dec=52.8921052&filters=f200w-clear&size=1&scl=16&invert=True"" height=100px />",,,,,,,,,,,,,16624,1,"<img src=""http://grizli-cutout.herokuapp.com/thumb?ra=214.84476978&dec=52.8921052&filters=f444w-clear&size=1&scl=24&invert=True"" height=100px />"
,214.848875,52.88360,2207.12356,Callum Donnan,j141923.73p525300.96,14:19:23.73,52:53:00.96,10.56,,,,,,,,,,-19.61,,,"<img src=""http://grizli-cutout.herokuapp.com/thumb?ra=214.848874999999968&dec=52.8836&filters=f200w-clear&size=1&scl=16&invert=True"" height=100px />",,,,,,,,,,,,,61486,1,"<img src=""http://grizli-cutout.herokuapp.com/thumb?ra=214.848874999999968&dec=52.8836&filters=f444w-clear&size=1&scl=24&invert=True"" height=100px />"
,214.850125,52.80804,2207.12356,Callum Donnan,j141924.03p524828.96,14:19:24.03,52:48:28.96,10.34,,,,,,,,,,-19.16,,,"<img src=""http://grizli-cutout.herokuapp.com/thumb?ra=214.850124999999968&dec=52.80804444444444&filters=f200w-clear&size=1&scl=16&invert=True"" height=100px />",,,,,,,,,,,,,3710,1,"<img src=""http://grizli-cutout.herokuapp.com/thumb?ra=214.850124999999968&dec=52.80804444444444&filters=f444w-clear&size=1&scl=24&invert=True"" height=100px />"
,214.850622,52.86599,2208.00986,Adam Carnall,j141924.15p525157.57,,,4.46,,,,,,,,,,,,25.68,"<img src=""http://grizli-cutout.herokuapp.com/thumb?ra=214.8506228&dec=52.865992&filters=f200w-clear&size=1&scl=16&invert=True"" height=100px />",4.32,4.39,4.54,4.63,0.43,0.63,0.84,10.82,10.85,10.88,true,,42128,1,"<img src=""http://grizli-cutout.herokuapp.com/thumb?ra=214.8506228&dec=52.865992&filters=f444w-clear&size=1&scl=24&invert=True"" height=100px />"
,214.853948,52.86132,2208.00986,Adam Carnall,j141924.95p525140.75,,,4.07,,,,,,,,,,,,25.35,"<img src=""http://grizli-cutout.herokuapp.com/thumb?ra=214.8539488&dec=52.86132&filters=f200w-clear&size=1&scl=16&invert=True"" height=100px />",3.76,3.92,4.19,4.3,0.78,0.95,1.09,11.25,11.3,11.35,true,,40015,1,"<img src=""http://grizli-cutout.herokuapp.com/thumb?ra=214.8539488&dec=52.86132&filters=f444w-clear&size=1&scl=24&invert=True"" height=100px />"
,214.861583,52.90461,2207.12356,Callum Donnan,j141926.78p525416.58,14:19:26.78,52:54:16.58,10.11,,,,,,,,,,-18.96,,,"<img src=""http://grizli-cutout.herokuapp.com/thumb?ra=214.86158333333338&dec=52.904605555555555&filters=f200w-clear&size=1&scl=16&invert=True"" height=100px />",,,,,,,,,,,,,73150,1,"<img src=""http://grizli-cutout.herokuapp.com/thumb?ra=214.86158333333338&dec=52.904605555555555&filters=f444w-clear&size=1&scl=24&invert=True"" height=100px />"
,214.866029,52.88410,2208.00986,Adam Carnall,j141927.85p525302.76,,,3.85,,,,,,,,,,,,24.8,"<img src=""http://grizli-cutout.herokuapp.com/thumb?ra=214.8660298&dec=52.884101&filters=f200w-clear&size=1&scl=16&invert=True"" height=100px />",3.64,3.75,3.94,4.04,1.34,1.41,1.46,10.7,10.76,10.81,false,,52124,1,"<img src=""http://grizli-cutout.herokuapp.com/thumb?ra=214.8660298&dec=52.884101&filters=f444w-clear&size=1&scl=24&invert=True"" height=100px />"
,214.866041,52.88427,2208.00986,Adam Carnall,j141927.85p525303.36,,,3.43,,,,,,,,,,,,23.92,"<img src=""http://grizli-cutout.herokuapp.com/thumb?ra=214.8660418&dec=52.884267&filters=f200w-clear&size=1&scl=16&invert=True"" height=100px />",3.28,3.35,3.52,3.62,1.13,1.28,1.4,10.83,10.86,10.88,true,,52175,1,"<img src=""http://grizli-cutout.herokuapp.com/thumb?ra=214.8660418&dec=52.884267&filters=f444w-clear&size=1&scl=24&invert=True"" height=100px />"
,214.869625,52.84365,2207.12356,Callum Donnan,j141928.71p525037.14,14:19:28.71,52:50:37.14,10.91,,,,,,,,,,-19.56,,,"<img src=""http://grizli-cutout.herokuapp.com/thumb?ra=214.869624999999988&dec=52.843650000000004&filters=f200w-clear&size=1&scl=16&invert=True"" height=100px />",,,,,,,,,,,,,30498,1,"<img src=""http://grizli-cutout.herokuapp.com/thumb?ra=214.869624999999988&dec=52.843650000000004&filters=f444w-clear&size=1&scl=24&invert=True"" height=100px />"
,214.869667,52.86024,2207.12356,Callum Donnan,j141928.72p525136.86,14:19:28.72,52:51:36.86,10.00,,,,,,,,,,-18.62,,,"<img src=""http://grizli-cutout.herokuapp.com/thumb?ra=214.869666666666668&dec=52.86023888888889&filters=f200w-clear&size=1&scl=16&invert=True"" height=100px />",,,,,,,,,,,,,45704,1,"<img src=""http://grizli-cutout.herokuapp.com/thumb?ra=214.869666666666668&dec=52.86023888888889&filters=f444w-clear&size=1&scl=24&invert=True"" height=100px />"
,214.870686,52.84612,2208.00986,Adam Carnall,j141928.96p525046.02,,,4.15,,,,,,,,,,,,26.69,"<img src=""http://grizli-cutout.herokuapp.com/thumb?ra=214.8706868&dec=52.846118&filters=f200w-clear&size=1&scl=16&invert=True"" height=100px />",3.59,4.0,4.26,4.35,0.78,1.03,1.17,10.15,10.19,10.24,false,,28251,1,"<img src=""http://grizli-cutout.herokuapp.com/thumb?ra=214.8706868&dec=52.846118&filters=f444w-clear&size=1&scl=24&invert=True"" height=100px />"
,214.871229,52.84508,2208.00986,Adam Carnall,j141929.09p525042.28,,,3.70,,,,,,,,,,,,23.66,"<img src=""http://grizli-cutout.herokuapp.com/thumb?ra=214.8712298&dec=52.845079&filters=f200w-clear&size=1&scl=16&invert=True"" height=100px />",3.44,3.6,3.79,3.86,0.99,1.28,1.45,10.76,10.81,10.86,false,,28316,1,"<img src=""http://grizli-cutout.herokuapp.com/thumb?ra=214.8712298&dec=52.845079&filters=f444w-clear&size=1&scl=24&invert=True"" height=100px />"
,214.875792,52.91355,2207.12356,Callum Donnan,j141930.19p525448.78,14:19:30.19,52:54:48.78,11.03,,,,,,,,,,-19.51,,,"<img src=""http://grizli-cutout.herokuapp.com/thumb?ra=214.875791666666638&dec=52.91355&filters=f200w-clear&size=1&scl=16&invert=True"" height=100px />",,,,,,,,,,,,,78598,1,"<img src=""http://grizli-cutout.herokuapp.com/thumb?ra=214.875791666666638&dec=52.91355&filters=f444w-clear&size=1&scl=24&invert=True"" height=100px />"
,214.876150,52.88083,2207.12446,Ivo Labbe,j141930.28p525250.99,,,9.92,,,,,,,,,,,10.93,,"<img src=""http://grizli-cutout.herokuapp.com/thumb?ra=214.87614998&dec=52.88083&filters=f200w-clear&size=1&scl=16&invert=True"" height=100px />",,,,,,,,,,,,,14924,1,"<img src=""http://grizli-cutout.herokuapp.com/thumb?ra=214.87614998&dec=52.88083&filters=f444w-clear&size=1&scl=24&invert=True"" height=100px />"
,214.879089,52.88808,2208.00986,Adam Carnall,j141930.98p525317.08,,,3.47,,,,,,,,,,,,25.45,"<img src=""http://grizli-cutout.herokuapp.com/thumb?ra=214.8790898&dec=52.888077&filters=f200w-clear&size=1&scl=16&invert=True"" height=100px />",3.25,3.35,3.66,3.82,0.91,1.19,1.49,10.27,10.33,10.38,false,,53472,1,"<img src=""http://grizli-cutout.herokuapp.com/thumb?ra=214.8790898&dec=52.888077&filters=f444w-clear&size=1&scl=24&invert=True"" height=100px />"
,214.895611,52.85651,2208.00986,Adam Carnall,j141934.95p525123.43,,,3.26,,,,,,,,,,,,22.95,"<img src=""http://grizli-cutout.herokuapp.com/thumb?ra=214.8956118&dec=52.856508&filters=f200w-clear&size=1&scl=16&invert=True"" height=100px />",3.16,3.2,3.32,3.39,1.24,1.38,1.49,10.94,10.96,10.99,true,,36262,1,"<img src=""http://grizli-cutout.herokuapp.com/thumb?ra=214.8956118&dec=52.856508&filters=f444w-clear&size=1&scl=24&invert=True"" height=100px />"
,214.897208,52.84385,2207.12356,Callum Donnan,j141935.33p525037.86,14:19:35.33,52:50:37.86,10.56,,,,,,,,,,-19.84,,,"<img src=""http://grizli-cutout.herokuapp.com/thumb?ra=214.89720833333338&dec=52.84385&filters=f200w-clear&size=1&scl=16&invert=True"" height=100px />",,,,,,,,,,,,,30585,1,"<img src=""http://grizli-cutout.herokuapp.com/thumb?ra=214.89720833333338&dec=52.84385&filters=f444w-clear&size=1&scl=24&invert=True"" height=100px />"
,214.899208,52.94231,2208.00986,Adam Carnall,j141935.81p525632.31,,,3.76,,,,,,,,,,,,24.82,"<img src=""http://grizli-cutout.herokuapp.com/thumb?ra=214.8992088&dec=52.942307&filters=f200w-clear&size=1&scl=16&invert=True"" height=100px />",3.24,3.63,3.86,3.95,1.43,1.48,1.56,9.81,9.85,9.89,false,,78374,1,"<img src=""http://grizli-cutout.herokuapp.com/thumb?ra=214.8992088&dec=52.942307&filters=f444w-clear&size=1&scl=24&invert=True"" height=100px />"
,214.902231,52.93937,2207.12446,Ivo Labbe,j141936.54p525621.74,,,10.83,,,,,,,,,,,10.44,,"<img src=""http://grizli-cutout.herokuapp.com/thumb?ra=214.90223058&dec=52.9393726&filters=f200w-clear&size=1&scl=16&invert=True"" height=100px />",,,,,,,,,,,,,21834,1,"<img src=""http://grizli-cutout.herokuapp.com/thumb?ra=214.90223058&dec=52.9393726&filters=f444w-clear&size=1&scl=24&invert=True"" height=100px />"
,214.904836,52.93536,2208.00986,Adam Carnall,j141937.16p525607.31,,,3.22,,,,,,,,,,,,24.45,"<img src=""http://grizli-cutout.herokuapp.com/thumb?ra=214.9048368&dec=52.935364&filters=f200w-clear&size=1&scl=16&invert=True"" height=100px />",3.1,3.16,3.28,3.35,0.95,1.17,1.44,10.43,10.45,10.48,true,,75768,1,"<img src=""http://grizli-cutout.herokuapp.com/thumb?ra=214.9048368&dec=52.935364&filters=f444w-clear&size=1&scl=24&invert=True"" height=100px />"
,214.909115,52.93720,2208.01816,Jorge Zavala,j141938.19p525613.91,,,4.60,,,18.2,,,,,,,,,,"<img src=""http://grizli-cutout.herokuapp.com/thumb?ra=214.90911528&dec=52.9371977&filters=f200w-clear&size=1&scl=16&invert=True"" height=100px />",,,,,,,,,,,,,CEERS-DSFG-1,1,"<img src=""http://grizli-cutout.herokuapp.com/thumb?ra=214.90911528&dec=52.9371977&filters=f444w-clear&size=1&scl=24&invert=True"" height=100px />"
,214.914042,52.91376,2207.12356,Callum Donnan,j141939.37p525449.52,14:19:39.37,52:54:49.52,9.57,,,,,,,,,,-18.52,,,"<img src=""http://grizli-cutout.herokuapp.com/thumb?ra=214.914041666666638&dec=52.913755555555554&filters=f200w-clear&size=1&scl=16&invert=True"" height=100px />",,,,,,,,,,,,,78693,1,"<img src=""http://grizli-cutout.herokuapp.com/thumb?ra=214.914041666666638&dec=52.913755555555554&filters=f444w-clear&size=1&scl=24&invert=True"" height=100px />"
,214.914500,52.94304,2208.02794,Rohan Naidu,j141939.48p525634.92,14:19:39.48,+52:56:34.95,5.00,,,,,,,,,,,,,"<img src=""http://grizli-cutout.herokuapp.com/thumb?ra=214.914499999999988&dec=52.943041666666666&filters=f200w-clear&size=1&scl=16&invert=True"" height=100px />",,,,,,,,,,,,17,CEERS-1749,2,"<img src=""http://grizli-cutout.herokuapp.com/thumb?ra=214.914499999999988&dec=52.943041666666666&filters=f444w-clear&size=1&scl=24&invert=True"" height=100px />"
,214.914500,52.94303,2207.12356,Callum Donnan,j141939.48p525634.92,14:19:39.48,52:56:34.92,16.74,,,,,,,,,,-21.76,,,"<img src=""http://grizli-cutout.herokuapp.com/thumb?ra=214.914499999999988&dec=52.94303333333333&filters=f200w-clear&size=1&scl=16&invert=True"" height=100px />",,,,,,,,,,,,,93316,2,"<img src=""http://grizli-cutout.herokuapp.com/thumb?ra=214.914499999999988&dec=52.94303333333333&filters=f444w-clear&size=1&scl=24&invert=True"" height=100px />"
,214.922750,52.91152,2207.12356,Callum Donnan,j141941.46p525441.46,14:19:41.46,52:54:41.46,11.15,,,,,,,,,,-19.62,,,"<img src=""http://grizli-cutout.herokuapp.com/thumb?ra=214.922749999999988&dec=52.911516666666664&filters=f200w-clear&size=1&scl=16&invert=True"" height=100px />",,,,,,,,,,,,,77241,1,"<img src=""http://grizli-cutout.herokuapp.com/thumb?ra=214.922749999999988&dec=52.911516666666664&filters=f444w-clear&size=1&scl=24&invert=True"" height=100px />"
,214.931411,52.93744,2208.00986,Adam Carnall,j141943.54p525614.79,,,4.78,,,,,,,,,,,,26.25,"<img src=""http://grizli-cutout.herokuapp.com/thumb?ra=214.9314118&dec=52.937443&filters=f200w-clear&size=1&scl=16&invert=True"" height=100px />",4.6,4.68,4.91,5.22,0.99,1.03,1.06,9.74,9.79,9.82,false,,76507,1,"<img src=""http://grizli-cutout.herokuapp.com/thumb?ra=214.9314118&dec=52.937443&filters=f444w-clear&size=1&scl=24&invert=True"" height=100px />"
,214.944458,52.97263,2207.12356,Callum Donnan,j141946.67p525821.47,14:19:46.67,52:58:21.47,9.26,,,,,,,,,,-19.12,,,"<img src=""http://grizli-cutout.herokuapp.com/thumb?ra=214.94445833333338&dec=52.972630555555554&filters=f200w-clear&size=1&scl=16&invert=True"" height=100px />",,,,,,,,,,,,,108408,1,"<img src=""http://grizli-cutout.herokuapp.com/thumb?ra=214.94445833333338&dec=52.972630555555554&filters=f444w-clear&size=1&scl=24&invert=True"" height=100px />"
,214.956542,52.97037,2207.12356,Callum Donnan,j141949.57p525813.33,14:19:49.57,52:58:13.33,10.22,,,,,,,,,,-19.07,,,"<img src=""http://grizli-cutout.herokuapp.com/thumb?ra=214.956541666666628&dec=52.970369444444444&filters=f200w-clear&size=1&scl=16&invert=True"" height=100px />",,,,,,,,,,,,,107364,1,"<img src=""http://grizli-cutout.herokuapp.com/thumb?ra=214.956541666666628&dec=52.970369444444444&filters=f444w-clear&size=1&scl=24&invert=True"" height=100px />"
,214.957908,52.98030,2208.00986,Adam Carnall,j141949.90p525849.09,,,3.56,,,,,,,,,,,,25.01,"<img src=""http://grizli-cutout.herokuapp.com/thumb?ra=214.9579088&dec=52.980303&filters=f200w-clear&size=1&scl=16&invert=True"" height=100px />",3.39,3.46,3.67,3.76,1.22,1.35,1.44,10.42,10.46,10.49,true,,92564,1,"<img src=""http://grizli-cutout.herokuapp.com/thumb?ra=214.9579088&dec=52.980303&filters=f444w-clear&size=1&scl=24&invert=True"" height=100px />"
,214.960833,52.98018,2207.12356,Callum Donnan,j141950.60p525848.63,14:19:50.60,52:58:48.63,9.06,,,,,,,,,,-18.94,,,"<img src=""http://grizli-cutout.herokuapp.com/thumb?ra=214.96083333333338&dec=52.980175&filters=f200w-clear&size=1&scl=16&invert=True"" height=100px />",,,,,,,,,,,,,111451,1,"<img src=""http://grizli-cutout.herokuapp.com/thumb?ra=214.96083333333338&dec=52.980175&filters=f444w-clear&size=1&scl=24&invert=True"" height=100px />"
,214.966667,52.96829,2207.12356,Callum Donnan,j141952.00p525805.84,14:19:52.00,52:58:05.84,9.16,,,,,,,,,,-18.77,,,"<img src=""http://grizli-cutout.herokuapp.com/thumb?ra=214.966666666666648&dec=52.96828888888889&filters=f200w-clear&size=1&scl=16&invert=True"" height=100px />",,,,,,,,,,,,,106309,1,"<img src=""http://grizli-cutout.herokuapp.com/thumb?ra=214.966666666666648&dec=52.96828888888889&filters=f444w-clear&size=1&scl=24&invert=True"" height=100px />"
,214.981853,52.99123,2208.00986,Adam Carnall,j141955.64p525928.42,,,3.34,,,,,,,,,,,,24.12,"<img src=""http://grizli-cutout.herokuapp.com/thumb?ra=214.9818538&dec=52.991229&filters=f200w-clear&size=1&scl=16&invert=True"" height=100px />",3.17,3.23,3.46,3.52,0.75,1.06,1.41,10.73,10.76,10.79,true,,97581,1,"<img src=""http://grizli-cutout.herokuapp.com/thumb?ra=214.9818538&dec=52.991229&filters=f444w-clear&size=1&scl=24&invert=True"" height=100px />"
,214.983019,52.95600,2207.12446,Ivo Labbe,j141955.92p525721.60,,,7.56,,,,,,,,,,,11.16,,"<img src=""http://grizli-cutout.herokuapp.com/thumb?ra=214.98301878&dec=52.9560001&filters=f200w-clear&size=1&scl=16&invert=True"" height=100px />",,,,,,,,,,,,,38094,1,"<img src=""http://grizli-cutout.herokuapp.com/thumb?ra=214.98301878&dec=52.9560001&filters=f444w-clear&size=1&scl=24&invert=True"" height=100px />"
,214.996875,53.00593,2207.12356,Callum Donnan,j141959.25p530021.35,14:19:59.25,53:00:21.35,11.52,,,,,,,,,,-19.31,,,"<img src=""http://grizli-cutout.herokuapp.com/thumb?ra=214.996874999999968&dec=53.00593055555556&filters=f200w-clear&size=1&scl=16&invert=True"" height=100px />",,,,,,,,,,,,,127682,1,"<img src=""http://grizli-cutout.herokuapp.com/thumb?ra=214.996874999999968&dec=53.00593055555556&filters=f444w-clear&size=1&scl=24&invert=True"" height=100px />"
,215.001458,52.97895,2207.12356,Callum Donnan,j142000.35p525844.22,14:20:00.35,52:58:44.22,9.26,,,,,,,,,,-18.74,,,"<img src=""http://grizli-cutout.herokuapp.com/thumb?ra=215.001458333333328&dec=52.978950000000005&filters=f200w-clear&size=1&scl=16&invert=True"" height=100px />",,,,,,,,,,,,,110933,1,"<img src=""http://grizli-cutout.herokuapp.com/thumb?ra=215.001458333333328&dec=52.978950000000005&filters=f444w-clear&size=1&scl=24&invert=True"" height=100px />"
,215.039116,53.00275,2208.00986,Adam Carnall,j142009.39p530009.89,,,4.68,,,,,,,,,,,,26.24,"<img src=""http://grizli-cutout.herokuapp.com/thumb?ra=215.0391168&dec=53.002747&filters=f200w-clear&size=1&scl=16&invert=True"" height=100px />",4.5,4.58,4.79,4.9,0.39,0.53,0.7,10.51,10.53,10.56,true,,101962,1,"<img src=""http://grizli-cutout.herokuapp.com/thumb?ra=215.0391168&dec=53.002747&filters=f444w-clear&size=1&scl=24&invert=True"" height=100px />"
,215.044000,52.99429,2207.12356,Callum Donnan,j142010.56p525939.43,14:20:10.56,52:59:39.43,10.56,,,,,,,,,,-19.41,,,"<img src=""http://grizli-cutout.herokuapp.com/thumb?ra=215.043999999999988&dec=52.99428611111111&filters=f200w-clear&size=1&scl=16&invert=True"" height=100px />",,,,,,,,,,,,,120880,1,"<img src=""http://grizli-cutout.herokuapp.com/thumb?ra=215.043999999999988&dec=52.99428611111111&filters=f444w-clear&size=1&scl=24&invert=True"" height=100px />"
